10003034;Åhléns AB;2306508
10002607;Blomsterlandet;868929
10004312;Clas Ohlson Sverige;640264
10004275;Chiquelle AB;565342
10004314;Clas Ohlson Norge;293777
10004294;MQ MarQet AB;277088
10004124;iPiccolo AB (inkClub);186632
10004097;Coop Sverige AB;167671
10003067;Lenson;156969
10002740;LensWay BV;154804
10002644;Clas-Ohlson;140544
10001093;Skandinaviska Enskilda Banken;129627
10002389;Assistancekåren AB;109275
10004291;Chiquelle Norge;108528
10002532;Avanza Bank AB;85885
10004518;Moderna Försäkringar AB;73900
10003888;Reco Sverige AB;72319
10004313;Clas Ohlson Finland;70218
10003035;Åhléns AB (Online);66266
10004262;Stepler AB;64363
10002859;Refunder Scandinavia AB;49636
10002867;Granngården AB Web;39952
10004420;EWO Easy Way Out AB;36034
10004015;Smakbox AB;31012
10004548;Laserdome Stockholm;21067
10004168;iPiccolo AB (Nordicink);17887
10004446;Jetpak Group AB;11924
10004470;E-Handelsgruppen AB;9247
60000004;MySafety;7011
10002862;Volvofinans Bank AB;4740
10004351;Clas Ohlson Logistik;3476
10004511;Skandikon Administration AB;1664
10002596;Avanza Bank AB;1041
10004251;Toyota Kreditbank GmbH;362
10002819;Granngården AB B2B;120
10002622;Granngården AB;0
60000058;MySafety;0
10003870;Blomsterlandet E-butik;0
10004017;Meds Apotek AB;0
10004069;Granngården (lokala butiker);0
10004129;iPiccolo AB (Dammsugarpåsar);0
10004133;iPiccolo AB (dinvitamin);0
10004134;iPiccolo AB (dukadebordet);0
10004143;Stronger AB;0
10004169;iPiccolo AB (Patroner);0
10004170;iPiccolo AB (Inky);0
10004290;Chiquelle Tyskland;0
10004297;Chiquelle Nederländerna;0
10004353;Snushof (iPiccolo);0
10004354;Snusarena (iPiccolo);0
10004355;Snusexpress (iPiccolo);0
10004478;Chiquelle Danmark;0
10004479;Chiquelle Finland;0
10004543;Seagull-Eye Group (Norrsken);0
10004569;Buy Snus CH (iPiccolo);0
10004580;E-Handelsgruppen (REGNR);0
10004585;Care of Carl;0
